ApiController.java,edu.ucsb.cs156.example.controllers.ApiController,org.pitest.mutationtest.engine.gregor.mutators.returns.NullReturnValsMutator,genericMessage,34,KILLED,edu.ucsb.cs156.example.controllers.ApiControllerTests.[engine:junit-jupiter]/[class:edu.ucsb.cs156.example.controllers.ApiControllerTests]/[method:generic_message_test()]
ApiController.java,edu.ucsb.cs156.example.controllers.ApiController,org.pitest.mutationtest.engine.gregor.mutators.returns.NullReturnValsMutator,getCurrentUser,24,KILLED,edu.ucsb.cs156.example.controllers.UserInfoControllerTests.[engine:junit-jupiter]/[class:edu.ucsb.cs156.example.controllers.UserInfoControllerTests]/[method:currentUser__logged_in()]
ApiController.java,edu.ucsb.cs156.example.controllers.ApiController,org.pitest.mutationtest.engine.gregor.mutators.returns.NullReturnValsMutator,handleGenericException,46,KILLED,edu.ucsb.cs156.example.controllers.UCSBDatesControllerTests.[engine:junit-jupiter]/[class:edu.ucsb.cs156.example.controllers.UCSBDatesControllerTests]/[method:test_that_logged_in_user_can_get_by_id_when_the_id_does_not_exist()]
CSRFController.java,edu.ucsb.cs156.example.controllers.CSRFController,org.pitest.mutationtest.engine.gregor.mutators.returns.NullReturnValsMutator,csrf,30,KILLED,edu.ucsb.cs156.example.controllers.CSRFControllerTests.[engine:junit-jupiter]/[class:edu.ucsb.cs156.example.controllers.CSRFControllerTests]/[method:csrf_returns_ok()]
JobsController.java,edu.ucsb.cs156.example.controllers.JobsController,org.pitest.mutationtest.engine.gregor.mutators.returns.EmptyObjectReturnValsMutator,allJobs,39,KILLED,edu.ucsb.cs156.example.controllers.JobsControllerTests.[engine:junit-jupiter]/[class:edu.ucsb.cs156.example.controllers.JobsControllerTests]/[method:admin_can_get_all_jobs()]
JobsController.java,edu.ucsb.cs156.example.controllers.JobsController,org.pitest.mutationtest.engine.gregor.mutators.VoidMethodCallMutator,deleteAllJobs,46,KILLED,edu.ucsb.cs156.example.controllers.JobsControllerTests.[engine:junit-jupiter]/[class:edu.ucsb.cs156.example.controllers.JobsControllerTests]/[method:admin_can_delete_all_jobs()]
JobsController.java,edu.ucsb.cs156.example.controllers.JobsController,org.pitest.mutationtest.engine.gregor.mutators.returns.EmptyObjectReturnValsMutator,deleteAllJobs,47,KILLED,edu.ucsb.cs156.example.controllers.JobsControllerTests.[engine:junit-jupiter]/[class:edu.ucsb.cs156.example.controllers.JobsControllerTests]/[method:admin_can_delete_all_jobs()]
JobsController.java,edu.ucsb.cs156.example.controllers.JobsController,org.pitest.mutationtest.engine.gregor.mutators.NegateConditionalsMutator,deleteAllJobs,67,KILLED,edu.ucsb.cs156.example.controllers.JobsControllerTests.[engine:junit-jupiter]/[class:edu.ucsb.cs156.example.controllers.JobsControllerTests]/[method:admin_can_delete_specific_job()]
JobsController.java,edu.ucsb.cs156.example.controllers.JobsController,org.pitest.mutationtest.engine.gregor.mutators.VoidMethodCallMutator,deleteAllJobs,70,KILLED,edu.ucsb.cs156.example.controllers.JobsControllerTests.[engine:junit-jupiter]/[class:edu.ucsb.cs156.example.controllers.JobsControllerTests]/[method:admin_can_delete_specific_job()]
JobsController.java,edu.ucsb.cs156.example.controllers.JobsController,org.pitest.mutationtest.engine.gregor.mutators.returns.EmptyObjectReturnValsMutator,deleteAllJobs,68,KILLED,edu.ucsb.cs156.example.controllers.JobsControllerTests.[engine:junit-jupiter]/[class:edu.ucsb.cs156.example.controllers.JobsControllerTests]/[method:admin_gets_reasonable_error_when_deleting_non_existing_job()]
JobsController.java,edu.ucsb.cs156.example.controllers.JobsController,org.pitest.mutationtest.engine.gregor.mutators.returns.EmptyObjectReturnValsMutator,deleteAllJobs,71,KILLED,edu.ucsb.cs156.example.controllers.JobsControllerTests.[engine:junit-jupiter]/[class:edu.ucsb.cs156.example.controllers.JobsControllerTests]/[method:admin_can_delete_specific_job()]
JobsController.java,edu.ucsb.cs156.example.controllers.JobsController,org.pitest.mutationtest.engine.gregor.mutators.returns.NullReturnValsMutator,getJobLogById,60,KILLED,edu.ucsb.cs156.example.controllers.JobsControllerTests.[engine:junit-jupiter]/[class:edu.ucsb.cs156.example.controllers.JobsControllerTests]/[method:api_getJobLogById__admin_logged_in__returns_job_by_id()]
JobsController.java,edu.ucsb.cs156.example.controllers.JobsController,org.pitest.mutationtest.engine.gregor.mutators.returns.EmptyObjectReturnValsMutator,getJobLogs,79,KILLED,edu.ucsb.cs156.example.controllers.JobsControllerTests.[engine:junit-jupiter]/[class:edu.ucsb.cs156.example.controllers.JobsControllerTests]/[method:test_getJobLogs_admin_can_get_job_log()]
JobsController.java,edu.ucsb.cs156.example.controllers.JobsController,org.pitest.mutationtest.engine.gregor.mutators.returns.NullReturnValsMutator,lambda$getJobLogById$0,58,KILLED,edu.ucsb.cs156.example.controllers.JobsControllerTests.[engine:junit-jupiter]/[class:edu.ucsb.cs156.example.controllers.JobsControllerTests]/[method:api_getJobLogById__admin_logged_in__returns_not_found_for_missing_job()]
MenuItemReviewController.java,edu.ucsb.cs156.example.controllers.MenuItemReviewController,org.pitest.mutationtest.engine.gregor.mutators.returns.EmptyObjectReturnValsMutator,allReviews,38,KILLED,edu.ucsb.cs156.example.controllers.MenuItemReviewControllerTests.[engine:junit-jupiter]/[class:edu.ucsb.cs156.example.controllers.MenuItemReviewControllerTests]/[method:logged_in_user_can_get_all_menuitemreviews()]
MenuItemReviewController.java,edu.ucsb.cs156.example.controllers.MenuItemReviewController,org.pitest.mutationtest.engine.gregor.mutators.VoidMethodCallMutator,deleteMenuItemReview,130,KILLED,edu.ucsb.cs156.example.controllers.MenuItemReviewControllerTests.[engine:junit-jupiter]/[class:edu.ucsb.cs156.example.controllers.MenuItemReviewControllerTests]/[method:admin_can_delete_a_menuitemreview()]
MenuItemReviewController.java,edu.ucsb.cs156.example.controllers.MenuItemReviewController,org.pitest.mutationtest.engine.gregor.mutators.returns.NullReturnValsMutator,deleteMenuItemReview,131,KILLED,edu.ucsb.cs156.example.controllers.MenuItemReviewControllerTests.[engine:junit-jupiter]/[class:edu.ucsb.cs156.example.controllers.MenuItemReviewControllerTests]/[method:admin_can_delete_a_menuitemreview()]
MenuItemReviewController.java,edu.ucsb.cs156.example.controllers.MenuItemReviewController,org.pitest.mutationtest.engine.gregor.mutators.returns.NullReturnValsMutator,getById,83,KILLED,edu.ucsb.cs156.example.controllers.MenuItemReviewControllerTests.[engine:junit-jupiter]/[class:edu.ucsb.cs156.example.controllers.MenuItemReviewControllerTests]/[method:logged_in_user_can_get_by_id_when_id_exists()]
MenuItemReviewController.java,edu.ucsb.cs156.example.controllers.MenuItemReviewController,org.pitest.mutationtest.engine.gregor.mutators.returns.NullReturnValsMutator,lambda$deleteMenuItemReview$2,128,KILLED,edu.ucsb.cs156.example.controllers.MenuItemReviewControllerTests.[engine:junit-jupiter]/[class:edu.ucsb.cs156.example.controllers.MenuItemReviewControllerTests]/[method:admin_cannot_delete_menuitemreview_that_does_not_exist()]
MenuItemReviewController.java,edu.ucsb.cs156.example.controllers.MenuItemReviewController,org.pitest.mutationtest.engine.gregor.mutators.returns.NullReturnValsMutator,lambda$getById$0,81,KILLED,edu.ucsb.cs156.example.controllers.MenuItemReviewControllerTests.[engine:junit-jupiter]/[class:edu.ucsb.cs156.example.controllers.MenuItemReviewControllerTests]/[method:logged_in_user_cannot_get_by_id_when_id_does_not_exist()]
MenuItemReviewController.java,edu.ucsb.cs156.example.controllers.MenuItemReviewController,org.pitest.mutationtest.engine.gregor.mutators.returns.NullReturnValsMutator,lambda$updateMenuItemReview$1,102,KILLED,edu.ucsb.cs156.example.controllers.MenuItemReviewControllerTests.[engine:junit-jupiter]/[class:edu.ucsb.cs156.example.controllers.MenuItemReviewControllerTests]/[method:admin_cannot_edit_menuitemreview_that_does_not_exist()]
MenuItemReviewController.java,edu.ucsb.cs156.example.controllers.MenuItemReviewController,org.pitest.mutationtest.engine.gregor.mutators.VoidMethodCallMutator,postReview,57,KILLED,edu.ucsb.cs156.example.controllers.MenuItemReviewControllerTests.[engine:junit-jupiter]/[class:edu.ucsb.cs156.example.controllers.MenuItemReviewControllerTests]/[method:an_admin_user_can_post_a_new_menuitemreview()]
MenuItemReviewController.java,edu.ucsb.cs156.example.controllers.MenuItemReviewController,org.pitest.mutationtest.engine.gregor.mutators.VoidMethodCallMutator,postReview,58,KILLED,edu.ucsb.cs156.example.controllers.MenuItemReviewControllerTests.[engine:junit-jupiter]/[class:edu.ucsb.cs156.example.controllers.MenuItemReviewControllerTests]/[method:an_admin_user_can_post_a_new_menuitemreview()]
MenuItemReviewController.java,edu.ucsb.cs156.example.controllers.MenuItemReviewController,org.pitest.mutationtest.engine.gregor.mutators.VoidMethodCallMutator,postReview,59,KILLED,edu.ucsb.cs156.example.controllers.MenuItemReviewControllerTests.[engine:junit-jupiter]/[class:edu.ucsb.cs156.example.controllers.MenuItemReviewControllerTests]/[method:an_admin_user_can_post_a_new_menuitemreview()]
MenuItemReviewController.java,edu.ucsb.cs156.example.controllers.MenuItemReviewController,org.pitest.mutationtest.engine.gregor.mutators.VoidMethodCallMutator,postReview,60,KILLED,edu.ucsb.cs156.example.controllers.MenuItemReviewControllerTests.[engine:junit-jupiter]/[class:edu.ucsb.cs156.example.controllers.MenuItemReviewControllerTests]/[method:an_admin_user_can_post_a_new_menuitemreview()]
MenuItemReviewController.java,edu.ucsb.cs156.example.controllers.MenuItemReviewController,org.pitest.mutationtest.engine.gregor.mutators.VoidMethodCallMutator,postReview,61,KILLED,edu.ucsb.cs156.example.controllers.MenuItemReviewControllerTests.[engine:junit-jupiter]/[class:edu.ucsb.cs156.example.controllers.MenuItemReviewControllerTests]/[method:an_admin_user_can_post_a_new_menuitemreview()]
MenuItemReviewController.java,edu.ucsb.cs156.example.controllers.MenuItemReviewController,org.pitest.mutationtest.engine.gregor.mutators.returns.NullReturnValsMutator,postReview,65,KILLED,edu.ucsb.cs156.example.controllers.MenuItemReviewControllerTests.[engine:junit-jupiter]/[class:edu.ucsb.cs156.example.controllers.MenuItemReviewControllerTests]/[method:an_admin_user_can_post_a_new_menuitemreview()]
MenuItemReviewController.java,edu.ucsb.cs156.example.controllers.MenuItemReviewController,org.pitest.mutationtest.engine.gregor.mutators.VoidMethodCallMutator,updateMenuItemReview,104,KILLED,edu.ucsb.cs156.example.controllers.MenuItemReviewControllerTests.[engine:junit-jupiter]/[class:edu.ucsb.cs156.example.controllers.MenuItemReviewControllerTests]/[method:admin_can_edit_an_existing_menuitemreview()]
MenuItemReviewController.java,edu.ucsb.cs156.example.controllers.MenuItemReviewController,org.pitest.mutationtest.engine.gregor.mutators.VoidMethodCallMutator,updateMenuItemReview,105,KILLED,edu.ucsb.cs156.example.controllers.MenuItemReviewControllerTests.[engine:junit-jupiter]/[class:edu.ucsb.cs156.example.controllers.MenuItemReviewControllerTests]/[method:admin_can_edit_an_existing_menuitemreview()]
MenuItemReviewController.java,edu.ucsb.cs156.example.controllers.MenuItemReviewController,org.pitest.mutationtest.engine.gregor.mutators.VoidMethodCallMutator,updateMenuItemReview,106,KILLED,edu.ucsb.cs156.example.controllers.MenuItemReviewControllerTests.[engine:junit-jupiter]/[class:edu.ucsb.cs156.example.controllers.MenuItemReviewControllerTests]/[method:admin_can_edit_an_existing_menuitemreview()]
MenuItemReviewController.java,edu.ucsb.cs156.example.controllers.MenuItemReviewController,org.pitest.mutationtest.engine.gregor.mutators.VoidMethodCallMutator,updateMenuItemReview,107,KILLED,edu.ucsb.cs156.example.controllers.MenuItemReviewControllerTests.[engine:junit-jupiter]/[class:edu.ucsb.cs156.example.controllers.MenuItemReviewControllerTests]/[method:admin_can_edit_an_existing_menuitemreview()]
MenuItemReviewController.java,edu.ucsb.cs156.example.controllers.MenuItemReviewController,org.pitest.mutationtest.engine.gregor.mutators.VoidMethodCallMutator,updateMenuItemReview,108,KILLED,edu.ucsb.cs156.example.controllers.MenuItemReviewControllerTests.[engine:junit-jupiter]/[class:edu.ucsb.cs156.example.controllers.MenuItemReviewControllerTests]/[method:admin_can_edit_an_existing_menuitemreview()]
MenuItemReviewController.java,edu.ucsb.cs156.example.controllers.MenuItemReviewController,org.pitest.mutationtest.engine.gregor.mutators.returns.NullReturnValsMutator,updateMenuItemReview,112,KILLED,edu.ucsb.cs156.example.controllers.MenuItemReviewControllerTests.[engine:junit-jupiter]/[class:edu.ucsb.cs156.example.controllers.MenuItemReviewControllerTests]/[method:admin_can_edit_an_existing_menuitemreview()]
RestaurantsController.java,edu.ucsb.cs156.example.controllers.RestaurantsController,org.pitest.mutationtest.engine.gregor.mutators.returns.EmptyObjectReturnValsMutator,allRestaurants,39,KILLED,edu.ucsb.cs156.example.controllers.RestaurantsControllerTests.[engine:junit-jupiter]/[class:edu.ucsb.cs156.example.controllers.RestaurantsControllerTests]/[method:logged_in_user_can_get_all_restaurants()]
RestaurantsController.java,edu.ucsb.cs156.example.controllers.RestaurantsController,org.pitest.mutationtest.engine.gregor.mutators.VoidMethodCallMutator,deleteRestaurant,97,KILLED,edu.ucsb.cs156.example.controllers.RestaurantsControllerTests.[engine:junit-jupiter]/[class:edu.ucsb.cs156.example.controllers.RestaurantsControllerTests]/[method:admin_can_delete_a_restaurant()]
RestaurantsController.java,edu.ucsb.cs156.example.controllers.RestaurantsController,org.pitest.mutationtest.engine.gregor.mutators.returns.NullReturnValsMutator,deleteRestaurant,98,KILLED,edu.ucsb.cs156.example.controllers.RestaurantsControllerTests.[engine:junit-jupiter]/[class:edu.ucsb.cs156.example.controllers.RestaurantsControllerTests]/[method:admin_can_delete_a_restaurant()]
RestaurantsController.java,edu.ucsb.cs156.example.controllers.RestaurantsController,org.pitest.mutationtest.engine.gregor.mutators.returns.NullReturnValsMutator,getById,57,KILLED,edu.ucsb.cs156.example.controllers.RestaurantsControllerTests.[engine:junit-jupiter]/[class:edu.ucsb.cs156.example.controllers.RestaurantsControllerTests]/[method:test_that_logged_in_user_can_get_by_id_when_the_id_exists()]
RestaurantsController.java,edu.ucsb.cs156.example.controllers.RestaurantsController,org.pitest.mutationtest.engine.gregor.mutators.returns.NullReturnValsMutator,lambda$deleteRestaurant$1,95,KILLED,edu.ucsb.cs156.example.controllers.RestaurantsControllerTests.[engine:junit-jupiter]/[class:edu.ucsb.cs156.example.controllers.RestaurantsControllerTests]/[method:admin_tries_to_delete_non_existant_restaurant_and_gets_right_error_message()]
RestaurantsController.java,edu.ucsb.cs156.example.controllers.RestaurantsController,org.pitest.mutationtest.engine.gregor.mutators.returns.NullReturnValsMutator,lambda$getById$0,55,KILLED,edu.ucsb.cs156.example.controllers.RestaurantsControllerTests.[engine:junit-jupiter]/[class:edu.ucsb.cs156.example.controllers.RestaurantsControllerTests]/[method:test_that_logged_in_user_can_get_by_id_when_the_id_does_not_exist()]
RestaurantsController.java,edu.ucsb.cs156.example.controllers.RestaurantsController,org.pitest.mutationtest.engine.gregor.mutators.returns.NullReturnValsMutator,lambda$updateRestaurant$2,117,KILLED,edu.ucsb.cs156.example.controllers.RestaurantsControllerTests.[engine:junit-jupiter]/[class:edu.ucsb.cs156.example.controllers.RestaurantsControllerTests]/[method:admin_cannot_edit_restaurant_that_does_not_exist()]
RestaurantsController.java,edu.ucsb.cs156.example.controllers.RestaurantsController,org.pitest.mutationtest.engine.gregor.mutators.VoidMethodCallMutator,postRestaurant,75,KILLED,edu.ucsb.cs156.example.controllers.RestaurantsControllerTests.[engine:junit-jupiter]/[class:edu.ucsb.cs156.example.controllers.RestaurantsControllerTests]/[method:an_admin_user_can_post_a_new_restaurant()]
RestaurantsController.java,edu.ucsb.cs156.example.controllers.RestaurantsController,org.pitest.mutationtest.engine.gregor.mutators.VoidMethodCallMutator,postRestaurant,76,KILLED,edu.ucsb.cs156.example.controllers.RestaurantsControllerTests.[engine:junit-jupiter]/[class:edu.ucsb.cs156.example.controllers.RestaurantsControllerTests]/[method:an_admin_user_can_post_a_new_restaurant()]
RestaurantsController.java,edu.ucsb.cs156.example.controllers.RestaurantsController,org.pitest.mutationtest.engine.gregor.mutators.returns.NullReturnValsMutator,postRestaurant,79,KILLED,edu.ucsb.cs156.example.controllers.RestaurantsControllerTests.[engine:junit-jupiter]/[class:edu.ucsb.cs156.example.controllers.RestaurantsControllerTests]/[method:an_admin_user_can_post_a_new_restaurant()]
RestaurantsController.java,edu.ucsb.cs156.example.controllers.RestaurantsController,org.pitest.mutationtest.engine.gregor.mutators.VoidMethodCallMutator,updateRestaurant,119,KILLED,edu.ucsb.cs156.example.controllers.RestaurantsControllerTests.[engine:junit-jupiter]/[class:edu.ucsb.cs156.example.controllers.RestaurantsControllerTests]/[method:admin_can_edit_an_existing_restaurant()]
RestaurantsController.java,edu.ucsb.cs156.example.controllers.RestaurantsController,org.pitest.mutationtest.engine.gregor.mutators.VoidMethodCallMutator,updateRestaurant,120,KILLED,edu.ucsb.cs156.example.controllers.RestaurantsControllerTests.[engine:junit-jupiter]/[class:edu.ucsb.cs156.example.controllers.RestaurantsControllerTests]/[method:admin_can_edit_an_existing_restaurant()]
RestaurantsController.java,edu.ucsb.cs156.example.controllers.RestaurantsController,org.pitest.mutationtest.engine.gregor.mutators.returns.NullReturnValsMutator,updateRestaurant,124,KILLED,edu.ucsb.cs156.example.controllers.RestaurantsControllerTests.[engine:junit-jupiter]/[class:edu.ucsb.cs156.example.controllers.RestaurantsControllerTests]/[method:admin_can_edit_an_existing_restaurant()]
SystemInfoController.java,edu.ucsb.cs156.example.controllers.SystemInfoController,org.pitest.mutationtest.engine.gregor.mutators.returns.NullReturnValsMutator,getSystemInfo,38,KILLED,edu.ucsb.cs156.example.controllers.SystemInfoControllerTests.[engine:junit-jupiter]/[class:edu.ucsb.cs156.example.controllers.SystemInfoControllerTests]/[method:systemInfo__admin_logged_in()]
UCSBDatesController.java,edu.ucsb.cs156.example.controllers.UCSBDatesController,org.pitest.mutationtest.engine.gregor.mutators.returns.EmptyObjectReturnValsMutator,allUCSBDates,44,KILLED,edu.ucsb.cs156.example.controllers.UCSBDatesControllerTests.[engine:junit-jupiter]/[class:edu.ucsb.cs156.example.controllers.UCSBDatesControllerTests]/[method:logged_in_user_can_get_all_ucsbdates()]
UCSBDatesController.java,edu.ucsb.cs156.example.controllers.UCSBDatesController,org.pitest.mutationtest.engine.gregor.mutators.VoidMethodCallMutator,deleteUCSBDate,118,KILLED,edu.ucsb.cs156.example.controllers.UCSBDatesControllerTests.[engine:junit-jupiter]/[class:edu.ucsb.cs156.example.controllers.UCSBDatesControllerTests]/[method:admin_can_delete_a_date()]
UCSBDatesController.java,edu.ucsb.cs156.example.controllers.UCSBDatesController,org.pitest.mutationtest.engine.gregor.mutators.returns.NullReturnValsMutator,deleteUCSBDate,119,KILLED,edu.ucsb.cs156.example.controllers.UCSBDatesControllerTests.[engine:junit-jupiter]/[class:edu.ucsb.cs156.example.controllers.UCSBDatesControllerTests]/[method:admin_can_delete_a_date()]
UCSBDatesController.java,edu.ucsb.cs156.example.controllers.UCSBDatesController,org.pitest.mutationtest.engine.gregor.mutators.returns.NullReturnValsMutator,getById,62,KILLED,edu.ucsb.cs156.example.controllers.UCSBDatesControllerTests.[engine:junit-jupiter]/[class:edu.ucsb.cs156.example.controllers.UCSBDatesControllerTests]/[method:test_that_logged_in_user_can_get_by_id_when_the_id_exists()]
UCSBDatesController.java,edu.ucsb.cs156.example.controllers.UCSBDatesController,org.pitest.mutationtest.engine.gregor.mutators.returns.NullReturnValsMutator,lambda$deleteUCSBDate$1,116,KILLED,edu.ucsb.cs156.example.controllers.UCSBDatesControllerTests.[engine:junit-jupiter]/[class:edu.ucsb.cs156.example.controllers.UCSBDatesControllerTests]/[method:admin_tries_to_delete_non_existant_ucsbdate_and_gets_right_error_message()]
UCSBDatesController.java,edu.ucsb.cs156.example.controllers.UCSBDatesController,org.pitest.mutationtest.engine.gregor.mutators.returns.NullReturnValsMutator,lambda$getById$0,60,KILLED,edu.ucsb.cs156.example.controllers.UCSBDatesControllerTests.[engine:junit-jupiter]/[class:edu.ucsb.cs156.example.controllers.UCSBDatesControllerTests]/[method:test_that_logged_in_user_can_get_by_id_when_the_id_does_not_exist()]
UCSBDatesController.java,edu.ucsb.cs156.example.controllers.UCSBDatesController,org.pitest.mutationtest.engine.gregor.mutators.returns.NullReturnValsMutator,lambda$updateUCSBDate$2,138,KILLED,edu.ucsb.cs156.example.controllers.UCSBDatesControllerTests.[engine:junit-jupiter]/[class:edu.ucsb.cs156.example.controllers.UCSBDatesControllerTests]/[method:admin_cannot_edit_ucsbdate_that_does_not_exist()]
UCSBDatesController.java,edu.ucsb.cs156.example.controllers.UCSBDatesController,org.pitest.mutationtest.engine.gregor.mutators.VoidMethodCallMutator,postUCSBDate,94,KILLED,edu.ucsb.cs156.example.controllers.UCSBDatesControllerTests.[engine:junit-jupiter]/[class:edu.ucsb.cs156.example.controllers.UCSBDatesControllerTests]/[method:an_admin_user_can_post_a_new_ucsbdate()]
UCSBDatesController.java,edu.ucsb.cs156.example.controllers.UCSBDatesController,org.pitest.mutationtest.engine.gregor.mutators.VoidMethodCallMutator,postUCSBDate,95,KILLED,edu.ucsb.cs156.example.controllers.UCSBDatesControllerTests.[engine:junit-jupiter]/[class:edu.ucsb.cs156.example.controllers.UCSBDatesControllerTests]/[method:an_admin_user_can_post_a_new_ucsbdate()]
UCSBDatesController.java,edu.ucsb.cs156.example.controllers.UCSBDatesController,org.pitest.mutationtest.engine.gregor.mutators.VoidMethodCallMutator,postUCSBDate,96,KILLED,edu.ucsb.cs156.example.controllers.UCSBDatesControllerTests.[engine:junit-jupiter]/[class:edu.ucsb.cs156.example.controllers.UCSBDatesControllerTests]/[method:an_admin_user_can_post_a_new_ucsbdate()]
UCSBDatesController.java,edu.ucsb.cs156.example.controllers.UCSBDatesController,org.pitest.mutationtest.engine.gregor.mutators.returns.NullReturnValsMutator,postUCSBDate,100,KILLED,edu.ucsb.cs156.example.controllers.UCSBDatesControllerTests.[engine:junit-jupiter]/[class:edu.ucsb.cs156.example.controllers.UCSBDatesControllerTests]/[method:an_admin_user_can_post_a_new_ucsbdate()]
UCSBDatesController.java,edu.ucsb.cs156.example.controllers.UCSBDatesController,org.pitest.mutationtest.engine.gregor.mutators.VoidMethodCallMutator,updateUCSBDate,140,KILLED,edu.ucsb.cs156.example.controllers.UCSBDatesControllerTests.[engine:junit-jupiter]/[class:edu.ucsb.cs156.example.controllers.UCSBDatesControllerTests]/[method:admin_can_edit_an_existing_ucsbdate()]
UCSBDatesController.java,edu.ucsb.cs156.example.controllers.UCSBDatesController,org.pitest.mutationtest.engine.gregor.mutators.VoidMethodCallMutator,updateUCSBDate,141,KILLED,edu.ucsb.cs156.example.controllers.UCSBDatesControllerTests.[engine:junit-jupiter]/[class:edu.ucsb.cs156.example.controllers.UCSBDatesControllerTests]/[method:admin_can_edit_an_existing_ucsbdate()]
UCSBDatesController.java,edu.ucsb.cs156.example.controllers.UCSBDatesController,org.pitest.mutationtest.engine.gregor.mutators.VoidMethodCallMutator,updateUCSBDate,142,KILLED,edu.ucsb.cs156.example.controllers.UCSBDatesControllerTests.[engine:junit-jupiter]/[class:edu.ucsb.cs156.example.controllers.UCSBDatesControllerTests]/[method:admin_can_edit_an_existing_ucsbdate()]
UCSBDatesController.java,edu.ucsb.cs156.example.controllers.UCSBDatesController,org.pitest.mutationtest.engine.gregor.mutators.returns.NullReturnValsMutator,updateUCSBDate,146,KILLED,edu.ucsb.cs156.example.controllers.UCSBDatesControllerTests.[engine:junit-jupiter]/[class:edu.ucsb.cs156.example.controllers.UCSBDatesControllerTests]/[method:admin_can_edit_an_existing_ucsbdate()]
UCSBDiningCommonsController.java,edu.ucsb.cs156.example.controllers.UCSBDiningCommonsController,org.pitest.mutationtest.engine.gregor.mutators.returns.EmptyObjectReturnValsMutator,allCommonss,41,KILLED,edu.ucsb.cs156.example.controllers.UCSBDiningCommonsControllerTests.[engine:junit-jupiter]/[class:edu.ucsb.cs156.example.controllers.UCSBDiningCommonsControllerTests]/[method:logged_in_user_can_get_all_ucsbdiningcommons()]
UCSBDiningCommonsController.java,edu.ucsb.cs156.example.controllers.UCSBDiningCommonsController,org.pitest.mutationtest.engine.gregor.mutators.VoidMethodCallMutator,deleteCommons,115,KILLED,edu.ucsb.cs156.example.controllers.UCSBDiningCommonsControllerTests.[engine:junit-jupiter]/[class:edu.ucsb.cs156.example.controllers.UCSBDiningCommonsControllerTests]/[method:admin_can_delete_a_date()]
UCSBDiningCommonsController.java,edu.ucsb.cs156.example.controllers.UCSBDiningCommonsController,org.pitest.mutationtest.engine.gregor.mutators.returns.NullReturnValsMutator,deleteCommons,116,KILLED,edu.ucsb.cs156.example.controllers.UCSBDiningCommonsControllerTests.[engine:junit-jupiter]/[class:edu.ucsb.cs156.example.controllers.UCSBDiningCommonsControllerTests]/[method:admin_can_delete_a_date()]
UCSBDiningCommonsController.java,edu.ucsb.cs156.example.controllers.UCSBDiningCommonsController,org.pitest.mutationtest.engine.gregor.mutators.returns.NullReturnValsMutator,getById,59,KILLED,edu.ucsb.cs156.example.controllers.UCSBDiningCommonsControllerTests.[engine:junit-jupiter]/[class:edu.ucsb.cs156.example.controllers.UCSBDiningCommonsControllerTests]/[method:test_that_logged_in_user_can_get_by_id_when_the_id_exists()]
UCSBDiningCommonsController.java,edu.ucsb.cs156.example.controllers.UCSBDiningCommonsController,org.pitest.mutationtest.engine.gregor.mutators.returns.NullReturnValsMutator,lambda$deleteCommons$1,113,KILLED,edu.ucsb.cs156.example.controllers.UCSBDiningCommonsControllerTests.[engine:junit-jupiter]/[class:edu.ucsb.cs156.example.controllers.UCSBDiningCommonsControllerTests]/[method:admin_tries_to_delete_non_existant_commons_and_gets_right_error_message()]
UCSBDiningCommonsController.java,edu.ucsb.cs156.example.controllers.UCSBDiningCommonsController,org.pitest.mutationtest.engine.gregor.mutators.returns.NullReturnValsMutator,lambda$getById$0,57,KILLED,edu.ucsb.cs156.example.controllers.UCSBDiningCommonsControllerTests.[engine:junit-jupiter]/[class:edu.ucsb.cs156.example.controllers.UCSBDiningCommonsControllerTests]/[method:test_that_logged_in_user_can_get_by_id_when_the_id_does_not_exist()]
UCSBDiningCommonsController.java,edu.ucsb.cs156.example.controllers.UCSBDiningCommonsController,org.pitest.mutationtest.engine.gregor.mutators.returns.NullReturnValsMutator,lambda$updateCommons$2,136,KILLED,edu.ucsb.cs156.example.controllers.UCSBDiningCommonsControllerTests.[engine:junit-jupiter]/[class:edu.ucsb.cs156.example.controllers.UCSBDiningCommonsControllerTests]/[method:admin_cannot_edit_commons_that_does_not_exist()]
UCSBDiningCommonsController.java,edu.ucsb.cs156.example.controllers.UCSBDiningCommonsController,org.pitest.mutationtest.engine.gregor.mutators.VoidMethodCallMutator,postCommons,87,KILLED,edu.ucsb.cs156.example.controllers.UCSBDiningCommonsControllerTests.[engine:junit-jupiter]/[class:edu.ucsb.cs156.example.controllers.UCSBDiningCommonsControllerTests]/[method:an_admin_user_can_post_a_new_commons()]
UCSBDiningCommonsController.java,edu.ucsb.cs156.example.controllers.UCSBDiningCommonsController,org.pitest.mutationtest.engine.gregor.mutators.VoidMethodCallMutator,postCommons,88,KILLED,edu.ucsb.cs156.example.controllers.UCSBDiningCommonsControllerTests.[engine:junit-jupiter]/[class:edu.ucsb.cs156.example.controllers.UCSBDiningCommonsControllerTests]/[method:an_admin_user_can_post_a_new_commons()]
UCSBDiningCommonsController.java,edu.ucsb.cs156.example.controllers.UCSBDiningCommonsController,org.pitest.mutationtest.engine.gregor.mutators.VoidMethodCallMutator,postCommons,89,KILLED,edu.ucsb.cs156.example.controllers.UCSBDiningCommonsControllerTests.[engine:junit-jupiter]/[class:edu.ucsb.cs156.example.controllers.UCSBDiningCommonsControllerTests]/[method:an_admin_user_can_post_a_new_commons()]
UCSBDiningCommonsController.java,edu.ucsb.cs156.example.controllers.UCSBDiningCommonsController,org.pitest.mutationtest.engine.gregor.mutators.VoidMethodCallMutator,postCommons,90,KILLED,edu.ucsb.cs156.example.controllers.UCSBDiningCommonsControllerTests.[engine:junit-jupiter]/[class:edu.ucsb.cs156.example.controllers.UCSBDiningCommonsControllerTests]/[method:an_admin_user_can_post_a_new_commons()]
UCSBDiningCommonsController.java,edu.ucsb.cs156.example.controllers.UCSBDiningCommonsController,org.pitest.mutationtest.engine.gregor.mutators.VoidMethodCallMutator,postCommons,91,KILLED,edu.ucsb.cs156.example.controllers.UCSBDiningCommonsControllerTests.[engine:junit-jupiter]/[class:edu.ucsb.cs156.example.controllers.UCSBDiningCommonsControllerTests]/[method:an_admin_user_can_post_a_new_commons()]
UCSBDiningCommonsController.java,edu.ucsb.cs156.example.controllers.UCSBDiningCommonsController,org.pitest.mutationtest.engine.gregor.mutators.VoidMethodCallMutator,postCommons,92,KILLED,edu.ucsb.cs156.example.controllers.UCSBDiningCommonsControllerTests.[engine:junit-jupiter]/[class:edu.ucsb.cs156.example.controllers.UCSBDiningCommonsControllerTests]/[method:an_admin_user_can_post_a_new_commons()]
UCSBDiningCommonsController.java,edu.ucsb.cs156.example.controllers.UCSBDiningCommonsController,org.pitest.mutationtest.engine.gregor.mutators.VoidMethodCallMutator,postCommons,93,KILLED,edu.ucsb.cs156.example.controllers.UCSBDiningCommonsControllerTests.[engine:junit-jupiter]/[class:edu.ucsb.cs156.example.controllers.UCSBDiningCommonsControllerTests]/[method:an_admin_user_can_post_a_new_commons()]
UCSBDiningCommonsController.java,edu.ucsb.cs156.example.controllers.UCSBDiningCommonsController,org.pitest.mutationtest.engine.gregor.mutators.returns.NullReturnValsMutator,postCommons,97,KILLED,edu.ucsb.cs156.example.controllers.UCSBDiningCommonsControllerTests.[engine:junit-jupiter]/[class:edu.ucsb.cs156.example.controllers.UCSBDiningCommonsControllerTests]/[method:an_admin_user_can_post_a_new_commons()]
UCSBDiningCommonsController.java,edu.ucsb.cs156.example.controllers.UCSBDiningCommonsController,org.pitest.mutationtest.engine.gregor.mutators.VoidMethodCallMutator,updateCommons,138,KILLED,edu.ucsb.cs156.example.controllers.UCSBDiningCommonsControllerTests.[engine:junit-jupiter]/[class:edu.ucsb.cs156.example.controllers.UCSBDiningCommonsControllerTests]/[method:admin_can_edit_an_existing_commons()]
UCSBDiningCommonsController.java,edu.ucsb.cs156.example.controllers.UCSBDiningCommonsController,org.pitest.mutationtest.engine.gregor.mutators.VoidMethodCallMutator,updateCommons,139,KILLED,edu.ucsb.cs156.example.controllers.UCSBDiningCommonsControllerTests.[engine:junit-jupiter]/[class:edu.ucsb.cs156.example.controllers.UCSBDiningCommonsControllerTests]/[method:admin_can_edit_an_existing_commons()]
UCSBDiningCommonsController.java,edu.ucsb.cs156.example.controllers.UCSBDiningCommonsController,org.pitest.mutationtest.engine.gregor.mutators.VoidMethodCallMutator,updateCommons,140,KILLED,edu.ucsb.cs156.example.controllers.UCSBDiningCommonsControllerTests.[engine:junit-jupiter]/[class:edu.ucsb.cs156.example.controllers.UCSBDiningCommonsControllerTests]/[method:admin_can_edit_an_existing_commons()]
UCSBDiningCommonsController.java,edu.ucsb.cs156.example.controllers.UCSBDiningCommonsController,org.pitest.mutationtest.engine.gregor.mutators.VoidMethodCallMutator,updateCommons,141,KILLED,edu.ucsb.cs156.example.controllers.UCSBDiningCommonsControllerTests.[engine:junit-jupiter]/[class:edu.ucsb.cs156.example.controllers.UCSBDiningCommonsControllerTests]/[method:admin_can_edit_an_existing_commons()]
UCSBDiningCommonsController.java,edu.ucsb.cs156.example.controllers.UCSBDiningCommonsController,org.pitest.mutationtest.engine.gregor.mutators.VoidMethodCallMutator,updateCommons,142,KILLED,edu.ucsb.cs156.example.controllers.UCSBDiningCommonsControllerTests.[engine:junit-jupiter]/[class:edu.ucsb.cs156.example.controllers.UCSBDiningCommonsControllerTests]/[method:admin_can_edit_an_existing_commons()]
UCSBDiningCommonsController.java,edu.ucsb.cs156.example.controllers.UCSBDiningCommonsController,org.pitest.mutationtest.engine.gregor.mutators.VoidMethodCallMutator,updateCommons,143,KILLED,edu.ucsb.cs156.example.controllers.UCSBDiningCommonsControllerTests.[engine:junit-jupiter]/[class:edu.ucsb.cs156.example.controllers.UCSBDiningCommonsControllerTests]/[method:admin_can_edit_an_existing_commons()]
UCSBDiningCommonsController.java,edu.ucsb.cs156.example.controllers.UCSBDiningCommonsController,org.pitest.mutationtest.engine.gregor.mutators.returns.NullReturnValsMutator,updateCommons,147,KILLED,edu.ucsb.cs156.example.controllers.UCSBDiningCommonsControllerTests.[engine:junit-jupiter]/[class:edu.ucsb.cs156.example.controllers.UCSBDiningCommonsControllerTests]/[method:admin_can_edit_an_existing_commons()]
UCSBOrganizationsController.java,edu.ucsb.cs156.example.controllers.UCSBOrganizationsController,org.pitest.mutationtest.engine.gregor.mutators.returns.EmptyObjectReturnValsMutator,allUCSBOrganizations,41,KILLED,edu.ucsb.cs156.example.controllers.UCSBOrganizationsControllerTests.[engine:junit-jupiter]/[class:edu.ucsb.cs156.example.controllers.UCSBOrganizationsControllerTests]/[method:logged_in_user_can_get_all_ucsborganizations()]
UCSBOrganizationsController.java,edu.ucsb.cs156.example.controllers.UCSBOrganizationsController,org.pitest.mutationtest.engine.gregor.mutators.VoidMethodCallMutator,deleteOrganization,134,KILLED,edu.ucsb.cs156.example.controllers.UCSBOrganizationsControllerTests.[engine:junit-jupiter]/[class:edu.ucsb.cs156.example.controllers.UCSBOrganizationsControllerTests]/[method:admin_can_delete_a_organization()]
UCSBOrganizationsController.java,edu.ucsb.cs156.example.controllers.UCSBOrganizationsController,org.pitest.mutationtest.engine.gregor.mutators.returns.NullReturnValsMutator,deleteOrganization,135,KILLED,edu.ucsb.cs156.example.controllers.UCSBOrganizationsControllerTests.[engine:junit-jupiter]/[class:edu.ucsb.cs156.example.controllers.UCSBOrganizationsControllerTests]/[method:admin_can_delete_a_organization()]
UCSBOrganizationsController.java,edu.ucsb.cs156.example.controllers.UCSBOrganizationsController,org.pitest.mutationtest.engine.gregor.mutators.returns.NullReturnValsMutator,getById,88,KILLED,edu.ucsb.cs156.example.controllers.UCSBOrganizationsControllerTests.[engine:junit-jupiter]/[class:edu.ucsb.cs156.example.controllers.UCSBOrganizationsControllerTests]/[method:test_that_logged_in_user_can_get_by_id_when_the_id_exists()]
UCSBOrganizationsController.java,edu.ucsb.cs156.example.controllers.UCSBOrganizationsController,org.pitest.mutationtest.engine.gregor.mutators.returns.NullReturnValsMutator,lambda$deleteOrganization$2,132,KILLED,edu.ucsb.cs156.example.controllers.UCSBOrganizationsControllerTests.[engine:junit-jupiter]/[class:edu.ucsb.cs156.example.controllers.UCSBOrganizationsControllerTests]/[method:admin_tries_to_delete_non_existant_organization_and_gets_right_error_message()]
UCSBOrganizationsController.java,edu.ucsb.cs156.example.controllers.UCSBOrganizationsController,org.pitest.mutationtest.engine.gregor.mutators.returns.NullReturnValsMutator,lambda$getById$0,86,KILLED,edu.ucsb.cs156.example.controllers.UCSBOrganizationsControllerTests.[engine:junit-jupiter]/[class:edu.ucsb.cs156.example.controllers.UCSBOrganizationsControllerTests]/[method:test_that_logged_in_user_can_get_by_id_when_the_id_does_not_exist()]
UCSBOrganizationsController.java,edu.ucsb.cs156.example.controllers.UCSBOrganizationsController,org.pitest.mutationtest.engine.gregor.mutators.returns.NullReturnValsMutator,lambda$updateOrganization$1,108,KILLED,edu.ucsb.cs156.example.controllers.UCSBOrganizationsControllerTests.[engine:junit-jupiter]/[class:edu.ucsb.cs156.example.controllers.UCSBOrganizationsControllerTests]/[method:admin_cannot_edit_organization_that_does_not_exist()]
UCSBOrganizationsController.java,edu.ucsb.cs156.example.controllers.UCSBOrganizationsController,org.pitest.mutationtest.engine.gregor.mutators.VoidMethodCallMutator,postUCSBOrganization,63,KILLED,edu.ucsb.cs156.example.controllers.UCSBOrganizationsControllerTests.[engine:junit-jupiter]/[class:edu.ucsb.cs156.example.controllers.UCSBOrganizationsControllerTests]/[method:an_admin_user_can_post_a_new_ucsborganization()]
UCSBOrganizationsController.java,edu.ucsb.cs156.example.controllers.UCSBOrganizationsController,org.pitest.mutationtest.engine.gregor.mutators.VoidMethodCallMutator,postUCSBOrganization,64,KILLED,edu.ucsb.cs156.example.controllers.UCSBOrganizationsControllerTests.[engine:junit-jupiter]/[class:edu.ucsb.cs156.example.controllers.UCSBOrganizationsControllerTests]/[method:an_admin_user_can_post_a_new_ucsborganization()]
UCSBOrganizationsController.java,edu.ucsb.cs156.example.controllers.UCSBOrganizationsController,org.pitest.mutationtest.engine.gregor.mutators.VoidMethodCallMutator,postUCSBOrganization,65,KILLED,edu.ucsb.cs156.example.controllers.UCSBOrganizationsControllerTests.[engine:junit-jupiter]/[class:edu.ucsb.cs156.example.controllers.UCSBOrganizationsControllerTests]/[method:an_admin_user_can_post_a_new_ucsborganization()]
UCSBOrganizationsController.java,edu.ucsb.cs156.example.controllers.UCSBOrganizationsController,org.pitest.mutationtest.engine.gregor.mutators.VoidMethodCallMutator,postUCSBOrganization,66,KILLED,edu.ucsb.cs156.example.controllers.UCSBOrganizationsControllerTests.[engine:junit-jupiter]/[class:edu.ucsb.cs156.example.controllers.UCSBOrganizationsControllerTests]/[method:an_admin_user_can_post_a_new_ucsborganization()]
UCSBOrganizationsController.java,edu.ucsb.cs156.example.controllers.UCSBOrganizationsController,org.pitest.mutationtest.engine.gregor.mutators.returns.NullReturnValsMutator,postUCSBOrganization,70,KILLED,edu.ucsb.cs156.example.controllers.UCSBOrganizationsControllerTests.[engine:junit-jupiter]/[class:edu.ucsb.cs156.example.controllers.UCSBOrganizationsControllerTests]/[method:an_admin_user_can_post_a_new_ucsborganization()]
UCSBOrganizationsController.java,edu.ucsb.cs156.example.controllers.UCSBOrganizationsController,org.pitest.mutationtest.engine.gregor.mutators.VoidMethodCallMutator,updateOrganization,110,KILLED,edu.ucsb.cs156.example.controllers.UCSBOrganizationsControllerTests.[engine:junit-jupiter]/[class:edu.ucsb.cs156.example.controllers.UCSBOrganizationsControllerTests]/[method:admin_can_edit_an_existing_organization()]
UCSBOrganizationsController.java,edu.ucsb.cs156.example.controllers.UCSBOrganizationsController,org.pitest.mutationtest.engine.gregor.mutators.VoidMethodCallMutator,updateOrganization,111,KILLED,edu.ucsb.cs156.example.controllers.UCSBOrganizationsControllerTests.[engine:junit-jupiter]/[class:edu.ucsb.cs156.example.controllers.UCSBOrganizationsControllerTests]/[method:admin_can_edit_an_existing_organization()]
UCSBOrganizationsController.java,edu.ucsb.cs156.example.controllers.UCSBOrganizationsController,org.pitest.mutationtest.engine.gregor.mutators.VoidMethodCallMutator,updateOrganization,112,KILLED,edu.ucsb.cs156.example.controllers.UCSBOrganizationsControllerTests.[engine:junit-jupiter]/[class:edu.ucsb.cs156.example.controllers.UCSBOrganizationsControllerTests]/[method:admin_can_edit_an_existing_organization()]
UCSBOrganizationsController.java,edu.ucsb.cs156.example.controllers.UCSBOrganizationsController,org.pitest.mutationtest.engine.gregor.mutators.returns.NullReturnValsMutator,updateOrganization,116,KILLED,edu.ucsb.cs156.example.controllers.UCSBOrganizationsControllerTests.[engine:junit-jupiter]/[class:edu.ucsb.cs156.example.controllers.UCSBOrganizationsControllerTests]/[method:admin_can_edit_an_existing_organization()]
UserInfoController.java,edu.ucsb.cs156.example.controllers.UserInfoController,org.pitest.mutationtest.engine.gregor.mutators.returns.NullReturnValsMutator,getCurrentUser,26,KILLED,edu.ucsb.cs156.example.controllers.UserInfoControllerTests.[engine:junit-jupiter]/[class:edu.ucsb.cs156.example.controllers.UserInfoControllerTests]/[method:currentUser__logged_in()]
UsersController.java,edu.ucsb.cs156.example.controllers.UsersController,org.pitest.mutationtest.engine.gregor.mutators.returns.NullReturnValsMutator,users,41,KILLED,edu.ucsb.cs156.example.controllers.UsersControllerTests.[engine:junit-jupiter]/[class:edu.ucsb.cs156.example.controllers.UsersControllerTests]/[method:users__admin_logged_in()]
UrlEventHandler.java,edu.ucsb.cs156.example.handlers.UrlEventHandler,org.pitest.mutationtest.engine.gregor.mutators.ConditionalsBoundaryMutator,handleBeforeCreate,22,KILLED,edu.ucsb.cs156.example.handlers.UrlEventHandlerTests.[engine:junit-jupiter]/[class:edu.ucsb.cs156.example.handlers.UrlEventHandlerTests]/[method:validUrl()]
UrlEventHandler.java,edu.ucsb.cs156.example.handlers.UrlEventHandler,org.pitest.mutationtest.engine.gregor.mutators.NegateConditionalsMutator,handleBeforeCreate,18,KILLED,edu.ucsb.cs156.example.handlers.UrlEventHandlerTests.[engine:junit-jupiter]/[class:edu.ucsb.cs156.example.handlers.UrlEventHandlerTests]/[method:validUrl()]
UrlEventHandler.java,edu.ucsb.cs156.example.handlers.UrlEventHandler,org.pitest.mutationtest.engine.gregor.mutators.NegateConditionalsMutator,handleBeforeCreate,18,KILLED,edu.ucsb.cs156.example.handlers.UrlEventHandlerTests.[engine:junit-jupiter]/[class:edu.ucsb.cs156.example.handlers.UrlEventHandlerTests]/[method:validUrl()]
UrlEventHandler.java,edu.ucsb.cs156.example.handlers.UrlEventHandler,org.pitest.mutationtest.engine.gregor.mutators.NegateConditionalsMutator,handleBeforeCreate,22,KILLED,edu.ucsb.cs156.example.handlers.UrlEventHandlerTests.[engine:junit-jupiter]/[class:edu.ucsb.cs156.example.handlers.UrlEventHandlerTests]/[method:checksLength()]
UrlEventHandler.java,edu.ucsb.cs156.example.handlers.UrlEventHandler,org.pitest.mutationtest.engine.gregor.mutators.NegateConditionalsMutator,handleBeforeCreate,27,KILLED,edu.ucsb.cs156.example.handlers.UrlEventHandlerTests.[engine:junit-jupiter]/[class:edu.ucsb.cs156.example.handlers.UrlEventHandlerTests]/[method:checksUrlPattern()]
CurrentUserService.java,edu.ucsb.cs156.example.services.CurrentUserService,org.pitest.mutationtest.engine.gregor.mutators.NegateConditionalsMutator,isLoggedIn,42,KILLED,edu.ucsb.cs156.example.services.CurrentUserServiceTests.[engine:junit-jupiter]/[class:edu.ucsb.cs156.example.services.CurrentUserServiceTests]/[method:test_isLoggedIn_returns_true()]
CurrentUserService.java,edu.ucsb.cs156.example.services.CurrentUserService,org.pitest.mutationtest.engine.gregor.mutators.returns.BooleanTrueReturnValsMutator,isLoggedIn,42,KILLED,edu.ucsb.cs156.example.services.CurrentUserServiceTests.[engine:junit-jupiter]/[class:edu.ucsb.cs156.example.services.CurrentUserServiceTests]/[method:test_isLoggedIn_returns_false()]
SystemInfoServiceImpl.java,edu.ucsb.cs156.example.services.SystemInfoServiceImpl,org.pitest.mutationtest.engine.gregor.mutators.returns.NullReturnValsMutator,getSystemInfo,60,KILLED,edu.ucsb.cs156.example.services.SystemInfoServiceImplTests.[engine:junit-jupiter]/[class:edu.ucsb.cs156.example.services.SystemInfoServiceImplTests]/[method:test_getSystemInfo()]
SystemInfoServiceImpl.java,edu.ucsb.cs156.example.services.SystemInfoServiceImpl,org.pitest.mutationtest.engine.gregor.mutators.NegateConditionalsMutator,githubUrl,39,KILLED,edu.ucsb.cs156.example.services.SystemInfoServiceImplTests.[engine:junit-jupiter]/[class:edu.ucsb.cs156.example.services.SystemInfoServiceImplTests]/[method:test_githubUrl()]
SystemInfoServiceImpl.java,edu.ucsb.cs156.example.services.SystemInfoServiceImpl,org.pitest.mutationtest.engine.gregor.mutators.NegateConditionalsMutator,githubUrl,39,KILLED,edu.ucsb.cs156.example.services.SystemInfoServiceImplTests.[engine:junit-jupiter]/[class:edu.ucsb.cs156.example.services.SystemInfoServiceImplTests]/[method:test_githubUrl()]
SystemInfoServiceImpl.java,edu.ucsb.cs156.example.services.SystemInfoServiceImpl,org.pitest.mutationtest.engine.gregor.mutators.returns.EmptyObjectReturnValsMutator,githubUrl,39,KILLED,edu.ucsb.cs156.example.services.SystemInfoServiceImplTests.[engine:junit-jupiter]/[class:edu.ucsb.cs156.example.services.SystemInfoServiceImplTests]/[method:test_githubUrl()]
JobContext.java,edu.ucsb.cs156.example.services.jobs.JobContext,org.pitest.mutationtest.engine.gregor.mutators.NegateConditionalsMutator,log,16,KILLED,edu.ucsb.cs156.example.services.jobs.JobContextTests.[engine:junit-jupiter]/[class:edu.ucsb.cs156.example.services.jobs.JobContextTests]/[method:when_jobs_repository_is_null_does_not_save()]
JobContext.java,edu.ucsb.cs156.example.services.jobs.JobContext,org.pitest.mutationtest.engine.gregor.mutators.NegateConditionalsMutator,log,18,KILLED,edu.ucsb.cs156.example.services.jobs.JobContextTests.[engine:junit-jupiter]/[class:edu.ucsb.cs156.example.services.jobs.JobContextTests]/[method:when_jobs_repository_is_null_does_not_save()]
JobContext.java,edu.ucsb.cs156.example.services.jobs.JobContext,org.pitest.mutationtest.engine.gregor.mutators.VoidMethodCallMutator,log,17,KILLED,edu.ucsb.cs156.example.services.jobs.JobContextTests.[engine:junit-jupiter]/[class:edu.ucsb.cs156.example.services.jobs.JobContextTests]/[method:when_jobs_repository_is_null_does_not_save()]
JobContextFactory.java,edu.ucsb.cs156.example.services.jobs.JobContextFactory,org.pitest.mutationtest.engine.gregor.mutators.returns.NullReturnValsMutator,createContext,16,KILLED,edu.ucsb.cs156.example.services.jobs.JobContextFactoryTests.[engine:junit-jupiter]/[class:edu.ucsb.cs156.example.services.jobs.JobContextFactoryTests]/[method:factory_returns_jobContext()]
JobService.java,edu.ucsb.cs156.example.services.jobs.JobService,org.pitest.mutationtest.engine.gregor.mutators.NegateConditionalsMutator,getJobLogs,52,KILLED,edu.ucsb.cs156.example.services.JobServiceTests.[engine:junit-jupiter]/[class:edu.ucsb.cs156.example.services.JobServiceTests]/[method:test_getJobLogs_with_null_log()]
JobService.java,edu.ucsb.cs156.example.services.jobs.JobService,org.pitest.mutationtest.engine.gregor.mutators.returns.NullReturnValsMutator,lambda$getJobLogs$0,49,KILLED,edu.ucsb.cs156.example.services.JobServiceTests.[engine:junit-jupiter]/[class:edu.ucsb.cs156.example.services.JobServiceTests]/[method:test_getJobLogs_job_not_found()]
JobService.java,edu.ucsb.cs156.example.services.jobs.JobService,org.pitest.mutationtest.engine.gregor.mutators.VoidMethodCallMutator,runAsJob,24,KILLED,edu.ucsb.cs156.example.services.JobServiceTests.[engine:junit-jupiter]/[class:edu.ucsb.cs156.example.services.JobServiceTests]/[method:runAsJob_fires_correctly()]
JobService.java,edu.ucsb.cs156.example.services.jobs.JobService,org.pitest.mutationtest.engine.gregor.mutators.returns.NullReturnValsMutator,runAsJob,26,KILLED,edu.ucsb.cs156.example.services.JobServiceTests.[engine:junit-jupiter]/[class:edu.ucsb.cs156.example.services.JobServiceTests]/[method:runAsJob_fires_correctly()]
JobService.java,edu.ucsb.cs156.example.services.jobs.JobService,org.pitest.mutationtest.engine.gregor.mutators.VoidMethodCallMutator,runJobAsync,34,KILLED,edu.ucsb.cs156.example.services.JobServiceTests.[engine:junit-jupiter]/[class:edu.ucsb.cs156.example.services.JobServiceTests]/[method:runAsyncJob_fires_correctly()]
JobService.java,edu.ucsb.cs156.example.services.jobs.JobService,org.pitest.mutationtest.engine.gregor.mutators.VoidMethodCallMutator,runJobAsync,36,KILLED,edu.ucsb.cs156.example.services.JobServiceTests.[engine:junit-jupiter]/[class:edu.ucsb.cs156.example.services.JobServiceTests]/[method:runAsyncJob_handles_error()]
JobService.java,edu.ucsb.cs156.example.services.jobs.JobService,org.pitest.mutationtest.engine.gregor.mutators.VoidMethodCallMutator,runJobAsync,41,KILLED,edu.ucsb.cs156.example.services.JobServiceTests.[engine:junit-jupiter]/[class:edu.ucsb.cs156.example.services.JobServiceTests]/[method:runAsyncJob_fires_correctly()]
ArticlesController.java,edu.ucsb.cs156.example.controllers.ArticlesController,org.pitest.mutationtest.engine.gregor.mutators.returns.EmptyObjectReturnValsMutator,allArticles,42,KILLED,edu.ucsb.cs156.example.controllers.ArticlesControllerTests.[engine:junit-jupiter]/[class:edu.ucsb.cs156.example.controllers.ArticlesControllerTests]/[method:logged_in_user_can_get_all_ucsbdates()]
ArticlesController.java,edu.ucsb.cs156.example.controllers.ArticlesController,org.pitest.mutationtest.engine.gregor.mutators.VoidMethodCallMutator,deleteArticle,144,KILLED,edu.ucsb.cs156.example.controllers.ArticlesControllerTests.[engine:junit-jupiter]/[class:edu.ucsb.cs156.example.controllers.ArticlesControllerTests]/[method:admin_can_delete_an_article()]
ArticlesController.java,edu.ucsb.cs156.example.controllers.ArticlesController,org.pitest.mutationtest.engine.gregor.mutators.returns.NullReturnValsMutator,deleteArticle,145,KILLED,edu.ucsb.cs156.example.controllers.ArticlesControllerTests.[engine:junit-jupiter]/[class:edu.ucsb.cs156.example.controllers.ArticlesControllerTests]/[method:admin_can_delete_an_article()]
ArticlesController.java,edu.ucsb.cs156.example.controllers.ArticlesController,org.pitest.mutationtest.engine.gregor.mutators.returns.NullReturnValsMutator,getById,99,KILLED,edu.ucsb.cs156.example.controllers.ArticlesControllerTests.[engine:junit-jupiter]/[class:edu.ucsb.cs156.example.controllers.ArticlesControllerTests]/[method:test_that_logged_in_user_can_get_by_id_when_the_id_does_exist()]
ArticlesController.java,edu.ucsb.cs156.example.controllers.ArticlesController,org.pitest.mutationtest.engine.gregor.mutators.returns.NullReturnValsMutator,lambda$deleteArticle$2,142,KILLED,edu.ucsb.cs156.example.controllers.ArticlesControllerTests.[engine:junit-jupiter]/[class:edu.ucsb.cs156.example.controllers.ArticlesControllerTests]/[method:admin_tries_to_delete_non_existant_article_and_gets_right_error_message()]
ArticlesController.java,edu.ucsb.cs156.example.controllers.ArticlesController,org.pitest.mutationtest.engine.gregor.mutators.returns.NullReturnValsMutator,lambda$getById$0,97,KILLED,edu.ucsb.cs156.example.controllers.ArticlesControllerTests.[engine:junit-jupiter]/[class:edu.ucsb.cs156.example.controllers.ArticlesControllerTests]/[method:test_that_logged_in_user_can_get_by_id_when_the_id_does_not_exist()]
ArticlesController.java,edu.ucsb.cs156.example.controllers.ArticlesController,org.pitest.mutationtest.engine.gregor.mutators.returns.NullReturnValsMutator,lambda$updateArticle$1,118,KILLED,edu.ucsb.cs156.example.controllers.ArticlesControllerTests.[engine:junit-jupiter]/[class:edu.ucsb.cs156.example.controllers.ArticlesControllerTests]/[method:admin_cannot_edit_ucsbdate_that_does_not_exist()]
ArticlesController.java,edu.ucsb.cs156.example.controllers.ArticlesController,org.pitest.mutationtest.engine.gregor.mutators.VoidMethodCallMutator,postArticle,76,KILLED,edu.ucsb.cs156.example.controllers.ArticlesControllerTests.[engine:junit-jupiter]/[class:edu.ucsb.cs156.example.controllers.ArticlesControllerTests]/[method:an_admin_user_can_post_a_new_article()]
ArticlesController.java,edu.ucsb.cs156.example.controllers.ArticlesController,org.pitest.mutationtest.engine.gregor.mutators.VoidMethodCallMutator,postArticle,77,KILLED,edu.ucsb.cs156.example.controllers.ArticlesControllerTests.[engine:junit-jupiter]/[class:edu.ucsb.cs156.example.controllers.ArticlesControllerTests]/[method:an_admin_user_can_post_a_new_article()]
ArticlesController.java,edu.ucsb.cs156.example.controllers.ArticlesController,org.pitest.mutationtest.engine.gregor.mutators.VoidMethodCallMutator,postArticle,78,KILLED,edu.ucsb.cs156.example.controllers.ArticlesControllerTests.[engine:junit-jupiter]/[class:edu.ucsb.cs156.example.controllers.ArticlesControllerTests]/[method:an_admin_user_can_post_a_new_article()]
ArticlesController.java,edu.ucsb.cs156.example.controllers.ArticlesController,org.pitest.mutationtest.engine.gregor.mutators.VoidMethodCallMutator,postArticle,79,KILLED,edu.ucsb.cs156.example.controllers.ArticlesControllerTests.[engine:junit-jupiter]/[class:edu.ucsb.cs156.example.controllers.ArticlesControllerTests]/[method:an_admin_user_can_post_a_new_article()]
ArticlesController.java,edu.ucsb.cs156.example.controllers.ArticlesController,org.pitest.mutationtest.engine.gregor.mutators.VoidMethodCallMutator,postArticle,80,KILLED,edu.ucsb.cs156.example.controllers.ArticlesControllerTests.[engine:junit-jupiter]/[class:edu.ucsb.cs156.example.controllers.ArticlesControllerTests]/[method:an_admin_user_can_post_a_new_article()]
ArticlesController.java,edu.ucsb.cs156.example.controllers.ArticlesController,org.pitest.mutationtest.engine.gregor.mutators.returns.NullReturnValsMutator,postArticle,82,KILLED,edu.ucsb.cs156.example.controllers.ArticlesControllerTests.[engine:junit-jupiter]/[class:edu.ucsb.cs156.example.controllers.ArticlesControllerTests]/[method:an_admin_user_can_post_a_new_article()]
ArticlesController.java,edu.ucsb.cs156.example.controllers.ArticlesController,org.pitest.mutationtest.engine.gregor.mutators.VoidMethodCallMutator,updateArticle,120,KILLED,edu.ucsb.cs156.example.controllers.ArticlesControllerTests.[engine:junit-jupiter]/[class:edu.ucsb.cs156.example.controllers.ArticlesControllerTests]/[method:admin_can_edit_an_existing_article()]
ArticlesController.java,edu.ucsb.cs156.example.controllers.ArticlesController,org.pitest.mutationtest.engine.gregor.mutators.VoidMethodCallMutator,updateArticle,121,KILLED,edu.ucsb.cs156.example.controllers.ArticlesControllerTests.[engine:junit-jupiter]/[class:edu.ucsb.cs156.example.controllers.ArticlesControllerTests]/[method:admin_can_edit_an_existing_article()]
ArticlesController.java,edu.ucsb.cs156.example.controllers.ArticlesController,org.pitest.mutationtest.engine.gregor.mutators.VoidMethodCallMutator,updateArticle,122,KILLED,edu.ucsb.cs156.example.controllers.ArticlesControllerTests.[engine:junit-jupiter]/[class:edu.ucsb.cs156.example.controllers.ArticlesControllerTests]/[method:admin_can_edit_an_existing_article()]
ArticlesController.java,edu.ucsb.cs156.example.controllers.ArticlesController,org.pitest.mutationtest.engine.gregor.mutators.VoidMethodCallMutator,updateArticle,123,KILLED,edu.ucsb.cs156.example.controllers.ArticlesControllerTests.[engine:junit-jupiter]/[class:edu.ucsb.cs156.example.controllers.ArticlesControllerTests]/[method:admin_can_edit_an_existing_article()]
ArticlesController.java,edu.ucsb.cs156.example.controllers.ArticlesController,org.pitest.mutationtest.engine.gregor.mutators.VoidMethodCallMutator,updateArticle,124,KILLED,edu.ucsb.cs156.example.controllers.ArticlesControllerTests.[engine:junit-jupiter]/[class:edu.ucsb.cs156.example.controllers.ArticlesControllerTests]/[method:admin_can_edit_an_existing_article()]
ArticlesController.java,edu.ucsb.cs156.example.controllers.ArticlesController,org.pitest.mutationtest.engine.gregor.mutators.returns.NullReturnValsMutator,updateArticle,127,KILLED,edu.ucsb.cs156.example.controllers.ArticlesControllerTests.[engine:junit-jupiter]/[class:edu.ucsb.cs156.example.controllers.ArticlesControllerTests]/[method:admin_can_edit_an_existing_article()]
